DROP DATABASE IF EXISTS traffic;
CREATE DATABASE traffic;
USE traffic;

CREATE TABLE if not exists fine
(
    fine_id        INT PRIMARY KEY AUTO_INCREMENT,
    name           VARCHAR(30),
    number_plate   VARCHAR(6),
    violation      VARCHAR(50),
    sum_fine       DECIMAL(8, 2),
    date_violation DATE,
    date_payment   DATE
);

CREATE TABLE if not exists traffic_violation
(
    violation_id INT PRIMARY KEY AUTO_INCREMENT,
    violation    VARCHAR(50),
    sum_fine     DECIMAL(8, 2)
);

INSERT INTO fine(name, number_plate, violation, sum_fine, date_violation, date_payment)
VALUES ('Баранов П.Е.', 'Р523ВТ', 'Превышение скорости(от 40 до 60)', 500.00, '2020-01-12', '2020-01-17'),
       ('Абрамова К.А.', 'О111АВ', 'Проезд на запрещающий сигнал', 1000.00, '2020-01-14', '2020-02-27'),
       ('Яковлев Г.Р.', 'Т330ТТ', 'Превышение скорости(от 20 до 40)', 500.00, '2020-01-23', '2020-02-23'),
       ('Яковлев Г.Р.', 'М701АА', 'Превышение скорости(от 20 до 40)', NULL, '2020-01-12', NULL),
       ('Колесов С.П.', 'К892АХ', 'Превышение скорости(от 20 до 40)', NULL, '2020-02-01', NULL),
       ('Баранов П.Е.', 'Р523ВТ', 'Превышение скорости(от 40 до 60)', NULL, '2020-02-14', NULL),
       ('Абрамова К.А.', 'О111АВ', 'Проезд на запрещающий сигнал', NULL, '2020-02-23', NULL),
       ('Яковлев Г.Р.', 'Т330ТТ', 'Проезд на запрещающий сигнал', NULL, '2020-03-03', NULL);

INSERT INTO traffic_violation(violation, sum_fine)
VALUES ('Превышение скорости(от 20 до 40)', 500),
       ('Превышение скорости(от 40 до 60)', 1000),
       ('Проезд на запрещающий сигнал', 1000);

create table if not exists payment
(
    payment_id	int primary key auto_increment,
    name varchar(30),
    number_plate varchar(6),
    violation varchar(50),
    date_violation date,
    date_payment date
);

insert into payment(name, number_plate, violation, date_violation, date_payment)
values ('Яковлев Г.Р.',	'М701АА', 'Превышение скорости(от 20 до 40)', '2020-01-12', '2020-01-22'),
       ('Баранов П.Е.', 'Р523ВТ', 'Превышение скорости(от 40 до 60)', '2020-02-14', '2020-03-06'),
       ('Яковлев Г.Р.',	'Т330ТТ', 'Проезд на запрещающий сигнал', '2020-03-03', '2020-03-23');

select * from payment;
select * from fine;